training_time_s,final_reward,mean_reward_last100
473.86121225357056,-10.301193237304688,-10.506348609924316
