mode,training_time_s,final_reward,mean_reward_last100
hybrid,177.41916632652283,-9.417285919189453,-10.482524871826172
