mode,training_time_s,final_reward,mean_reward_last100
distribution,169.81693577766418,-10.301193237304688,-10.506348609924316
